,Time,Temperature,Dew Point,Humidity,Wind,Wind Speed,Wind Gust,Pressure,Precip.,Condition
0,12:42 AM,57 °F,45 °F,63 °%,SE,16 °mph,0 °mph,23.01 °in,0.0 °in,Partly Cloudy
1,1:41 AM,57 °F,46 °F,67 °%,ESE,6 °mph,0 °mph,23.01 °in,0.0 °in,Mostly Cloudy
2,2:14 AM,57 °F,48 °F,72 °%,SSE,10 °mph,0 °mph,23.02 °in,0.0 °in,Light Rain
3,2:45 AM,55 °F,48 °F,77 °%,S,15 °mph,0 °mph,23.02 °in,0.0 °in,Light Rain
4,3:28 AM,52 °F,48 °F,88 °%,CALM,0 °mph,0 °mph,23.02 °in,0.0 °in,Light Rain
5,3:41 AM,52 °F,48 °F,88 °%,SSW,6 °mph,0 °mph,23.03 °in,0.0 °in,Light Rain
6,4:41 AM,52 °F,48 °F,88 °%,S,10 °mph,0 °mph,23.04 °in,0.0 °in,Light Rain
7,5:33 AM,52 °F,46 °F,82 °%,SSE,9 °mph,0 °mph,23.04 °in,0.0 °in,Cloudy
8,5:48 AM,52 °F,46 °F,82 °%,SE,12 °mph,0 °mph,23.04 °in,0.0 °in,Cloudy
9,6:03 AM,52 °F,48 °F,88 °%,SE,13 °mph,0 °mph,23.04 °in,0.0 °in,Light Rain
10,6:51 AM,52 °F,46 °F,82 °%,ESE,9 °mph,0 °mph,23.06 °in,0.0 °in,Cloudy
11,6:52 AM,52 °F,46 °F,82 °%,ESE,9 °mph,0 °mph,23.06 °in,0.0 °in,Cloudy
12,7:43 AM,54 °F,45 °F,72 °%,ESE,8 °mph,0 °mph,23.06 °in,0.0 °in,Cloudy
13,8:05 AM,54 °F,45 °F,72 °%,ESE,12 °mph,0 °mph,23.06 °in,0.0 °in,Light Rain
14,8:20 AM,54 °F,46 °F,77 °%,ESE,9 °mph,0 °mph,23.06 °in,0.0 °in,Mostly Cloudy
15,8:45 AM,55 °F,45 °F,67 °%,ESE,16 °mph,28 °mph,23.05 °in,0.0 °in,Mostly Cloudy
16,9:42 AM,59 °F,43 °F,55 °%,ESE,14 °mph,0 °mph,23.07 °in,0.0 °in,Mostly Cloudy
17,10:36 AM,63 °F,41 °F,45 °%,SE,17 °mph,0 °mph,23.07 °in,0.0 °in,Mostly Cloudy
18,10:45 AM,63 °F,41 °F,45 °%,SE,17 °mph,0 °mph,23.07 °in,0.0 °in,Mostly Cloudy
19,11:46 AM,64 °F,39 °F,40 °%,SSE,9 °mph,0 °mph,23.04 °in,0.0 °in,Mostly Cloudy
20,12:25 PM,61 °F,43 °F,52 °%,SSE,16 °mph,0 °mph,23.05 °in,0.0 °in,Mostly Cloudy
21,12:46 PM,63 °F,43 °F,48 °%,SE,12 °mph,0 °mph,23.04 °in,0.0 °in,Mostly Cloudy
22,1:47 PM,63 °F,43 °F,48 °%,SE,12 °mph,26 °mph,23.04 °in,0.0 °in,Cloudy
23,2:45 PM,61 °F,45 °F,55 °%,E,14 °mph,25 °mph,23.01 °in,0.0 °in,Cloudy
24,3:50 PM,61 °F,43 °F,52 °%,SE,14 °mph,25 °mph,23.02 °in,0.0 °in,Mostly Cloudy
25,4:50 PM,61 °F,45 °F,55 °%,ESE,9 °mph,0 °mph,23.04 °in,0.0 °in,Mostly Cloudy
26,5:45 PM,61 °F,45 °F,55 °%,SE,18 °mph,0 °mph,23.03 °in,0.0 °in,Mostly Cloudy
27,6:48 PM,57 °F,45 °F,63 °%,SSE,14 °mph,0 °mph,23.03 °in,0.0 °in,Mostly Cloudy
28,6:50 PM,57 °F,45 °F,63 °%,SE,17 °mph,0 °mph,23.04 °in,0.0 °in,Mostly Cloudy
29,7:50 PM,57 °F,43 °F,59 °%,E,6 °mph,0 °mph,23.07 °in,0.0 °in,Partly Cloudy
30,8:40 PM,55 °F,45 °F,67 °%,ESE,12 °mph,0 °mph,23.08 °in,0.0 °in,Fair
31,9:47 PM,54 °F,45 °F,72 °%,ESE,6 °mph,0 °mph,23.10 °in,0.0 °in,Fair
32,10:45 PM,52 °F,45 °F,76 °%,ENE,5 °mph,0 °mph,23.11 °in,0.0 °in,Fair
33,11:45 PM,50 °F,45 °F,82 °%,ENE,8 °mph,0 °mph,23.11 °in,0.0 °in,Partly Cloudy
