Time,Temperature,Dew Point,Humidity,Wind,Wind Speed,Wind Gust,Pressure,Precip.,Condition
11:40 PM,55 °F,52 °F,88 °%,NNE,7 °mph,0 °mph,22.13 °in,0.0 °in,Mostly Cloudy
12:51 AM,55 °F,52 °F,88 °%,NE,3 °mph,0 °mph,22.12 °in,0.0 °in,Mostly Cloudy
1:40 AM,54 °F,50 °F,88 °%,NE,10 °mph,0 °mph,22.11 °in,0.0 °in,Mostly Cloudy
2:55 AM,52 °F,50 °F,94 °%,CALM,0 °mph,0 °mph,22.09 °in,0.0 °in,Partly Cloudy
3:54 AM,54 °F,52 °F,94 °%,CALM,0 °mph,0 °mph,22.09 °in,0.0 °in,Partly Cloudy
4:55 AM,52 °F,50 °F,94 °%,CALM,0 °mph,0 °mph,22.09 °in,0.0 °in,Mostly Cloudy
5:43 AM,52 °F,48 °F,88 °%,CALM,0 °mph,0 °mph,22.08 °in,0.0 °in,Partly Cloudy
6:50 AM,50 °F,48 °F,94 °%,W,3 °mph,0 °mph,22.11 °in,0.0 °in,Mostly Cloudy
7:46 AM,57 °F,50 °F,77 °%,CALM,0 °mph,0 °mph,22.12 °in,0.0 °in,Mostly Cloudy
8:49 AM,61 °F,48 °F,63 °%,NE,6 °mph,0 °mph,22.12 °in,0.0 °in,Mostly Cloudy
9:51 AM,63 °F,52 °F,68 °%,S,5 °mph,0 °mph,22.13 °in,0.0 °in,Mostly Cloudy
10:48 AM,64 °F,52 °F,64 °%,NE,9 °mph,0 °mph,22.13 °in,0.0 °in,Mostly Cloudy
11:50 AM,66 °F,50 °F,56 °%,ENE,13 °mph,0 °mph,22.13 °in,0.0 °in,Cloudy
12:46 PM,66 °F,50 °F,56 °%,SE,14 °mph,0 °mph,22.11 °in,0.0 °in,Cloudy
1:44 PM,66 °F,50 °F,56 °%,SSE,10 °mph,0 °mph,22.13 °in,0.0 °in,Cloudy
2:42 PM,66 °F,52 °F,60 °%,S,17 °mph,0 °mph,22.08 °in,0.0 °in,Mostly Cloudy
3:45 PM,63 °F,52 °F,68 °%,S,16 °mph,0 °mph,22.07 °in,0.0 °in,Mostly Cloudy
4:40 PM,63 °F,52 °F,68 °%,S,15 °mph,0 °mph,22.07 °in,0.0 °in,Cloudy
5:45 PM,61 °F,52 °F,72 °%,S,9 °mph,0 °mph,22.07 °in,0.0 °in,Mostly Cloudy
6:15 PM,59 °F,50 °F,72 °%,SSE,12 °mph,0 °mph,22.08 °in,0.0 °in,T-Storm
6:44 PM,57 °F,52 °F,82 °%,E,5 °mph,0 °mph,22.10 °in,0.0 °in,T-Storm
7:42 PM,55 °F,54 °F,94 °%,CALM,0 °mph,0 °mph,22.11 °in,0.0 °in,Cloudy
8:50 PM,55 °F,54 °F,94 °%,E,5 °mph,0 °mph,22.13 °in,0.0 °in,Cloudy
9:47 PM,57 °F,54 °F,88 °%,SSE,6 °mph,0 °mph,22.12 °in,0.0 °in,Mostly Cloudy
10:42 PM,57 °F,54 °F,88 °%,S,7 °mph,0 °mph,22.13 °in,0.0 °in,Mostly Cloudy
